country,1961,1962,1963,1964,1965,1966,1967,1968,1969,1970,1971,1972,1973,1974,1975,1976,1977,1978,1979,1980,1981,1982,1983,1984,1985,1986,1987,1988,1989,1990,1991,1992,1993,1994,1995,1996,1997,1998,1999,2000,2001,2002,2003,2004,2005,2006,2007,2008,2009,2010,2011,2012,2013,2014,2015,2016
Afghanistan,53.2,53.9,53.8,58.2,61,63.1,69.2,72.2,73.3,66.7,61.9,67.2,72.5,74.9,77.1,82.5,73.7,79.7,78.7,78.6,78.5,77.6,75.8,73,68.2,62.2,64.5,63.5,63.2,68.1,74.2,71.8,76.3,81.3,85.3,90.7,97.2,103,102,86,77.4,95.5,98.8,96,106,97.6,109,101,117,116,111,122,119,124,119,125
Albania,30.1,31,29.1,33.4,31.4,35.3,37.1,38,39.2,40.4,42.5,43.3,46.7,47.6,47.9,52.8,55.5,57.6,58.9,57.8,59.6,62,67.6,62.8,62.1,61.5,64,61.9,69.2,68.7,58.6,63.5,71.3,79.1,85.4,86.5,81.8,84.3,82.1,86.3,89.4,89.8,95.2,99.9,97.9,102,104,108,112,118,125,133,134,142,146,151
Algeria,33.6,35,35,31.2,36.2,24.3,26.6,34.3,31.6,32.8,34.1,30.8,29.4,31.8,34.6,32.5,26.9,26.6,30.1,32.6,33.5,30.5,32.1,34.4,42.1,42.7,43.1,41.6,45.4,44.4,56.2,61.1,59.5,54.5,61.3,72.7,59.2,66.1,70.3,66.1,70.4,73.9,85.7,94.8,98.7,106,95.2,101,122,130,144,150,165,143,151,152
Angola,28.9,29.9,30.3,31.7,32.5,33.1,34,34.3,36.5,38.3,38.4,36.9,39.1,38.2,36.8,36.5,35.5,35.6,34.7,34.7,34,34.5,35.2,35.6,36.1,37.4,37.9,37.8,37.8,37.9,39.5,42.2,41.8,47.5,46,49,48.8,56.7,53.9,62.6,71.1,80.8,86.8,93.5,102,105,118,127,159,169,185,153,207,177,181,193
Antigua and Barbuda,110,110,136,139,94.8,76.6,65.3,53,65.3,67.3,107,60,57.5,56,55.4,56.6,59.3,68.8,74.6,83.2,86.1,82.6,80.7,79.4,91.6,92.6,94.7,97.4,82.3,86.8,98.6,92.9,98.6,98.8,92.4,92.1,92.4,91.5,98.2,98.5,100,97.8,105,107,95.1,98.1,96.3,98.9,96.1,72.4,83.5,78.9,78.2,79.1,70.5,69.9
Argentina,37,39.6,43.4,40.3,38.3,42.1,46.3,43.5,47.2,46.1,43,42.9,44.4,47.8,48.9,54.1,53.9,58,58.9,54.2,58.6,59.7,58.1,59.8,60.8,62.4,59.3,61,56.2,63,65.3,65.3,64.8,68.9,74,71.7,77.2,83.4,85.7,85.9,87.1,86.6,90.5,92.2,104,103,114,115,96.7,113,117,108,118,121,129,129
Armenia,,,,,,,,,,,,,,,,,,,,,,,,,,,,,,,,68.8,52.3,65.4,59.4,64.8,54.7,60.3,62.2,64.7,63.7,65.8,70.1,79,108,112,117,122,126,103,119,135,141,142,150,135
Australia,36.6,41.5,43.2,46.1,44.4,48.9,44.3,51,48.3,50.7,53.3,54.8,58.8,53.5,58,61.8,61,70,66.9,59.1,63.1,57.6,68.4,65,64.7,66.3,65.2,67.8,67,70,69.3,74.6,78.2,73.4,80.8,89.4,89.9,94.8,101,99.3,101,103,84.2,100,98,102,86.2,90.6,98.3,96,102,108,109,109,110,106
Austria,71.3,69,73.9,76.1,66.4,71.1,75.7,78,77.1,77,74.4,73.3,77.9,79.6,82,82.2,81.2,84.3,85.3,89.5,85.1,97.5,91.2,92.8,88.6,91.1,89.5,95.6,91.5,92,93.1,92.1,92.3,97.8,95.1,97,98.4,100,104,100,103,103,97.4,101,99.9,99.2,104,108,106,99,104,99.3,98.5,104,98.3,101
Azerbaijan,,,,,,,,,,,,,,,,,,,,,,,,,,,,,,,,79.2,64.6,58.4,55.4,62,60.1,63.6,69.4,75.9,83.3,88.6,92.3,90.1,103,107,106,112,126,125,132,138,141,136,145,148
Bahamas,35,36.5,38.5,40.3,42.6,46.2,48.4,49,46.4,48.3,47.1,51.8,67.4,71,70.8,79.2,67.8,63.5,60.4,59.8,69.9,66.4,63.9,67.2,66.7,64.6,68,69.1,73.3,72.9,65.3,65.2,64.8,62.5,79.7,90.6,85.3,106,109,84.9,88.5,86.7,94.8,99.1,98.8,102,106,106,104,123,127,127,129,129,130,131
Bahrain,55.2,55.6,56.2,56.1,58.1,56.9,57.9,56.8,58.9,60.3,59.2,61.9,64,68.7,98.4,125,152,157,164,176,91,97.3,91.5,103,117,105,137,111,117,92,97.2,109,107,114,121,118,116,128,122,122,104,107,103,89.6,91.5,119,115,112,128,119,164,166,203,203,202,201
Bangladesh,37.4,35.6,40.5,40.8,41.1,39.3,44.5,45.6,47.5,45.2,41.9,41.1,45.6,44.1,48.8,46.6,49.7,51.5,51.1,52.1,51.8,53.8,55.1,55.4,57.3,58,58.1,59,64.8,65.6,66.2,67.1,66.9,64.2,67,70.7,71.5,74.2,84.7,89.9,87.9,90.4,93,91,103,106,112,120,121,129,132,132,135,141,142,145
Barbados,122,127,145,131,147,134,154,125,119,135,123,112,110,106,99.5,106,118,114,125,140,124,115,106,111,106,117,108,109,108,111,109,97.4,90.7,93,97.3,112,106,98.3,105,103,95.4,92.4,96.1,96.5,106,97.7,101,94.4,99.1,91.3,93.8,94.9,89.3,87.3,84.8,85
Belarus,,,,,,,,,,,,,,,,,,,,,,,,,,,,,,,,111,116,89.7,89,90.8,83.5,88.8,82,79.6,82.6,84.1,81.9,93.8,97,109,110,118,124,128,127,139,136,137,133,134
Belgium,,,,,,,,,,,,,,,,,,,,,,,,,,,,,,,,,,,,,,,,106,98.5,102,101,104,99,96.7,97.4,92.1,95.7,101,105,101,104,89.2,88.3,84.9
Belize,14.1,12,13.2,15.9,17.1,19.7,21.8,24.5,22.1,23.5,25.3,26.4,28.8,31.5,29.2,27.7,34.2,38.1,35.3,40.7,40.4,42.9,41.3,41.5,40.9,42.6,47.3,45.5,46.6,53.1,50.1,61.1,65.1,62.3,67.1,71.9,79.4,73.5,79.8,90.7,88.9,84.8,88.7,99.2,101,99.3,97.8,93.7,93.9,96.2,86.9,105,98.3,101,99.5,94.2
Benin,23,21.3,21.6,22.6,23.6,22.7,25,27,26.1,27.3,27.4,27.6,28.5,26.8,26.5,31,30,33.1,34.8,32.8,32,32.2,32.6,41.3,41.5,43.7,38.3,45.8,47.6,49,55.1,53.9,56.4,59.3,63,69.1,74.8,77.3,83,86.7,88.2,106,99.4,106,104,90,93.6,119,123,128,136,146,157,165,155,162
Bhutan,22.8,23.8,24.7,25.4,26,26.6,27.3,27.9,28.6,29.3,30,30.7,31.3,32.1,32.8,33.6,34.4,35.3,36.1,38.2,41,41.5,42.5,46.3,44.1,44.6,49.5,42.4,43.2,49.9,76,74.5,75.5,76.8,81.6,80.5,79.9,79,87.5,78.5,76.3,79,79.3,85.5,106,109,109,90.6,90.7,94.8,106,101,96.6,98.7,98.8,102
Bolivia,20.1,20.8,22.2,22.7,23.7,24.8,25.5,27.3,27.3,29.6,30.5,33.3,35.2,36.3,38.9,40.1,39.6,39.6,39.9,43.9,44.3,45.4,38.1,43.8,47.9,48.2,50.2,52.5,54.6,58.5,59.8,57.2,60,65.2,70.9,72.8,74.6,77.4,77.6,83,84.6,89.4,94.4,93.8,99.8,106,113,113,121,121,123,135,138,142,148,146
Bosnia and Herzegovina,,,,,,,,,,,,,,,,,,,,,,,,,,,,,,,,90.9,83,72,69.1,63.3,76.3,86.7,82.8,68.2,73.5,81.1,77.3,98.7,97.8,103,104,111,113,112,112,101,117,97,111,125
Botswana,41.4,41.7,45.8,50.6,49.9,51.5,53.8,51.9,52.9,57.5,62.3,61.9,58.7,60.7,58.8,65.7,62.7,51.8,65.5,51,63.5,66.3,61.7,68.3,66.3,65.2,58.5,62.4,64.6,69.5,107,98.3,93.6,92.3,109,100,96.1,92.5,85.8,96.6,102,90.6,93.5,98.6,101,100,102,108,114,125,138,127,127,128,116,120
Brazil,15.7,16.2,16.8,17.6,19.6,19.1,20.6,21.3,22,23.4,23.9,25.4,25.4,26.8,28.1,30.9,32.3,31.6,33.1,37.4,38.2,40.2,40.1,43.1,46.3,45.1,49,51.4,53.5,51.4,53.7,56.9,57.5,62,66.4,65.7,69.1,69.9,75.2,77,81.1,86.5,94.2,97.4,99.4,103,111,117,117,124,129,127,137,137,141,137
Brunei,16.8,22.1,20.5,17.6,16.3,17.2,19.1,20.4,22.9,24,23.7,21.4,24.7,33.7,30.9,30,29.1,27.2,29,33.1,35.4,38.2,40,40.1,53.2,42.5,32.6,29.1,33.2,27.8,30.9,41.3,42,44.8,46.1,40.2,51.4,59.1,74.2,84,96.5,107,105,103,75.1,122,128,132,133,139,149,154,167,167,170,169
Bulgaria,118,127,129,131,145,164,161,164,166,159,162,168,168,158,162,177,163,174,181,175,189,199,181,197,171,188,179,179,187,176,149,148,118,121,135,112,117,117,120,112,110,102,93.7,116,87.5,96.7,80.8,111,99.4,112,111,105,127,127,126,130
Burkina Faso,21.7,23.9,24,26.4,27.1,27.1,27.9,29.3,28.9,29.5,28.1,26.7,23.9,27.2,30.7,27.7,28.5,31,32.7,30.6,34.1,34.2,35,35.2,43.7,49.2,45.4,52.4,50.7,52.2,62.8,64,66.7,65.3,65.7,70.8,64.8,76.5,78,68,89.4,88,102,92.1,104,104,92.3,117,109,126,115,132,128,127,122,127
Burundi,63.2,63.4,64.2,69.4,69.7,70,72.7,74.9,74.7,75.4,77.3,70.7,79.7,73.9,81.1,82.8,84.9,78.7,79.2,78,82.8,81.5,80.1,79.8,90.5,95.3,97.9,101,95.2,102,105,107,105,90.5,95,96.8,97.6,91.4,94.5,90.8,98,101,104,98.3,100,101,105,106,113,114,112,98.5,145,121,111,120
Cambodia,38.2,34.2,41.9,44.2,41.1,40,42.4,52.4,44.2,59.2,46.4,36.7,26.7,21,24.6,24.1,22.4,21,14.5,27.4,26.2,33.2,35.6,27.3,35.1,39.1,36.4,46.3,48.4,46.5,47.5,48,49.9,48.1,62.2,62.7,64.3,65.1,73.3,74.7,76.1,72.8,86.3,82.2,104,114,119,130,135,147,168,173,176,176,179,188
Cameroon,26,27.5,29.6,30.6,28.1,29.7,32.7,34.1,33.7,37,38.6,40.4,41.5,44.8,44.9,43.4,44.5,43.6,44.8,45.5,46.4,48,49.3,48.4,52.5,55.9,50.8,52.5,54.6,57.1,58.3,59.2,62.5,64.5,68.3,71.3,69.3,72.6,76.3,77.8,79.7,81.9,85,89,102,109,116,122,131,143,148,156,160,161,169,182
Canada,34.4,41,43.8,42.3,45.7,49.5,44.5,47.6,46.3,43.4,49.2,48,48,45.5,50.1,56,55.9,57.7,53.6,57.1,61.9,66.5,62.9,63,65.3,70.4,67.8,60.4,67.1,74.1,73.5,73.3,73,76.1,78.5,83.8,82.8,87.2,93.5,91.4,84.9,82.3,88.7,97.7,102,101,100,111,109,108,109,109,120,112,114,118
Cape Verde,29.6,32.1,33.7,36.4,40.1,41.6,41.7,31.5,31.8,27.9,24.6,24.3,23.5,22.7,23.2,26.1,26.3,29.1,29.7,39.9,30.1,33.3,28.2,35.3,35.9,40.7,60.1,62,63.2,58.5,54.3,65.9,66.5,57,70.5,60.1,66.5,74.3,86.1,96.3,95.8,95.1,94.3,97.9,100,102,111,106,111,106,93.2,96.2,101,94.6,93.9,95.6
Central African Republic,30.6,31.2,31.5,31.5,33.5,32.4,35.1,35.4,36.9,37.9,39.1,40.5,41.9,44.8,46,46.1,47.4,47,48.9,50.5,52.1,53.5,53.8,51.6,52.3,57.2,57.3,60.7,61.9,62.5,63.9,67.3,68.6,70,74.2,82.5,82,84.3,84,92.7,90.1,91.9,89.6,94.9,101,104,109,110,113,114,120,121,123,115,118,120
Chad,35.5,37.4,39.8,38.9,38.3,38.8,38.3,40.1,39.5,38.2,37.8,36,33.3,34.1,36.4,37.7,38.7,40.9,41.2,42.6,41.3,42.1,43.5,36.6,43.9,44.9,44.9,50.8,50.4,49.5,67.5,68.9,61.7,70.2,71.8,73.3,81.8,91.7,86.8,84,96,90.5,99.3,89.4,106,105,109,111,105,156,114,162,146,147,145,155
Chile,27.5,28.8,29,28.6,27.9,31.2,31.3,33.4,31.1,32.7,33.1,31.2,28.4,33.4,34.6,34.1,36.8,36.3,39.3,39.9,43.1,43.4,40.6,42.4,42.3,44.2,46.6,50,54,57.6,59.9,62.5,66.5,71.8,76.2,79.1,79.3,81.5,80.9,83.2,89.8,90,91.8,95,99.6,105,102,105,105,108,112,111,111,112,112,115
China,13.4,14.1,14.9,16.1,17.4,18.4,18.7,18.6,18.8,19.7,20.8,20.7,22.4,22.5,23.1,22.9,23.2,25.6,27.1,27.2,28.7,31.3,33.4,36.6,37,38.9,41.1,42.3,44,48.1,49.6,52.3,56.5,59.9,65,69.7,72.1,76.4,79.5,83.4,84.8,88.7,90.7,96.5,100,103,108,114,117,120,123,128,130,132,136,139
Colombia,27.5,29.7,29.3,30.9,31.4,31.4,32,33.3,34,35.5,37.7,38.3,38.6,41.4,45.2,48,47.9,50.6,52.5,53,54.5,53.8,52.5,54.4,55,56.8,58.5,62.3,67.4,70.2,71,70.3,72.1,74.3,78.6,79.3,82,81.6,86.1,87.4,88.5,90.4,93.2,97.5,98.8,104,107,110,106,103,106,112,117,117,120,117
Comoros,40.9,40.5,45.1,45.8,46.8,47.9,48.4,49,51.6,49.9,51.6,51.3,51.3,55,55.2,55.1,58.4,58.8,58.7,60,56.1,60.6,61.9,58.7,61.3,64,69.1,71.6,71.8,77.6,83.6,85.5,88.7,88.9,89.4,91.8,90.7,94.6,96.2,96.6,99.1,99.2,99.2,100,96.2,104,108,108,107,106,106,102,106,105,108,109
"Congo, Dem. Rep.",60.5,61.1,61.4,62.3,62.5,63,65.2,68,69.1,71.5,71.5,72.9,75.3,77.3,79.2,80,80.8,78.6,82.7,85.8,86.5,91.3,94,96.7,100,103,105,109,112,117,121,125,126,129,107,107,104,106,104,102,100,98.3,99,99.5,100,100,101,102,103,104,109,110,109,109,109,108
"Congo, Rep.",39,40,40.8,42.4,43.6,45.1,48.7,48.7,48.1,47.8,49,47.2,48.6,47,48.4,49.2,49.4,49,50.8,52.1,54.3,57.1,56.3,58.6,61.1,60.4,61.9,63.7,62.5,62.7,60.9,62,63.3,67.3,72.9,75.6,76.3,76.1,81.3,83.2,84.7,86.3,89,94,100,106,110,117,121,122,127,133,132,134,135,138
Costa Rica,14.9,15.8,16.8,17.8,18.4,19.1,19.9,23.7,25.9,28.8,30.7,32.2,33.4,32.4,36.7,37.9,38.5,38.6,39.7,38.7,39.5,37.1,39.4,41,42.2,43.6,45,46.5,54.1,59.3,62.9,65.9,66.9,70.6,74.8,78.2,79.4,83.4,87.4,87.3,88.4,85.3,89.4,91.6,97.8,111,108,107,109,114,117,122,126,129,126,131
Cote d'Ivoire,16.9,19.6,19.6,21.2,21.3,22.6,23.9,24.6,26.2,26.8,29.3,28.4,30.4,34.2,38.3,37.6,38.6,41,43.7,45.9,47.8,47.1,46.4,53.9,53.4,55.6,57.5,61.7,62,66,65.9,68.4,68.8,70.3,78.1,81.5,82.5,85.7,86.9,92.7,90.5,93.3,94,98,97.9,104,101,108,102,109,114,122,125,131,132,130
Croatia,,,,,,,,,,,,,,,,,,,,,,,,,,,,,,,,91.1,91.3,83.5,85.8,87,88,97.1,97.2,78.4,86.4,90,75.7,90.4,99.7,110,110,125,128,117,119,107,121,109,115,128
Cuba,98.3,79.2,73.9,81.6,99.3,83.3,102,98.2,94.3,141,107,98.3,103,108,106,112,122,141,145,135,143,145,145,154,149,151,148,154,159,158,147,128,93.9,93.8,88.2,105,98.8,94.4,111,124,120,117,116,117,93.7,89.5,96.2,99.6,102,94.5,94.6,102,106,104,107,110
Cyprus,53.8,54,49.6,49.6,66.5,69,80.8,83.6,91.1,88.6,99.2,97.9,80.8,80.2,66.2,72.5,73.3,76.2,81,82.5,84.9,85.5,88.7,92.6,90.8,88.3,91.1,98.7,105,99.3,86.2,96.9,104,93.4,110,107,101,107,109,109,106,109,106,110,98.5,91.8,90.5,89.6,85.1,84.1,87.3,81.5,77.7,79.9,80.8,79.1
Czech Republic,,,,,,,,,,,,,,,,,,,,,,,,,,,,,,,,,131,106,107,106,104,108,107,102,105,95.8,89.2,105,98.8,95.9,101,104,99.5,93,101,92.4,96.4,103,98,102
Denmark,68.4,69.9,68.3,69.3,70.5,69.5,69.2,70.8,67.3,64.5,65.8,65,66.2,72.2,69.7,69.5,75.6,76.9,79.9,79.2,79.5,84.1,82.7,89.9,88.5,87.8,85.1,87.4,89.9,94.7,94.1,91,97.7,94,96.9,95.9,97.4,99.3,98.1,98.5,99.5,99.4,99.7,101,102,97.3,101,104,104,102,105,106,102,105,107,103
Djibouti,13.3,13.7,14.1,14.4,14.7,15.9,16.6,17.9,19.3,20,20.9,22,22,23.5,23.9,26.8,26.2,27.7,36.4,46.5,45,45.3,52.9,58.1,68.2,73.6,75.7,78.8,95,93.1,69.5,73.2,69,73.7,75.9,71.8,75.6,76.7,77.5,84.5,86.6,98.9,95.7,94.4,94.9,111,136,142,125,116,131,134,133,133,133,133
Dominica,81.2,78.5,78.4,95,108,104,104,113,118,100,95.7,95.2,87.1,96.2,101,113,112,125,91.6,78.2,102,107,108,114,119,144,160,177,152,154,149,143,148,128,114,134,129,121,119,119,108,106,94.5,98.2,99.8,102,104,103,105,104,104,107,107,107,109,110
Dominican Republic,45.8,46.5,45,46.4,42.6,45.5,45.6,45.2,52.3,54.6,58.1,59.5,61.9,63.2,60.6,66.3,66.7,68.3,67.3,67.5,68.7,72.8,75.5,74.8,72,72.6,75.4,75.7,78.7,69.4,69.3,74.8,76.7,75.2,76.1,78.6,80.3,77,79.1,84.5,90.9,92.8,93,92.2,98.3,110,112,105,115,125,128,127,136,140,145,148
Ecuador,32.7,33.2,33.5,39.9,41.5,38.5,37.3,40,39.9,39.8,38.7,37.8,37.7,41.6,42.1,42.8,44,42,42,44.7,43.7,54.5,46.6,50.4,52.2,54.2,55.3,61,63.5,56.6,53,62.3,66.6,73.4,74.9,80.2,85.8,79.7,91.3,84.5,93.5,91.2,96,99.7,98.3,102,106,112,117,123,122,117,113,119,122,114
Egypt,17.4,20.7,21.5,21.5,21.7,22.4,21.9,24.3,25.5,25.5,26.5,27,27.2,27.8,28.9,29.8,29,29.9,31.6,31.9,32.1,34.3,35.5,35.7,38.2,41.6,43.9,43.2,44.3,53.7,54.8,58.9,61,61.7,67.1,73.3,76.3,76.2,81,84.9,81.9,86.9,92.1,95.5,98.6,106,110,116,115,108,112,119,115,120,121,125
El Salvador,34.9,38.5,39.8,38.8,42.7,44.4,44.4,45.1,45.5,48.3,51.7,50.8,56.3,59,63.6,64.4,64.6,73,72.2,68.2,62.4,58.9,61.1,68.1,68.7,69.1,65.3,69.6,70.6,75.2,80.6,85.1,82.8,83.5,83.4,86.1,92.2,92.4,94.5,95,90.8,92.3,90.9,96.6,99.1,104,105,114,114,105,103,115,116,115,110,120
Equatorial Guinea,107,121,127,134,135,143,131,144,116,136,99.4,62.9,68.6,68.9,59.3,48.8,49.1,49.3,49.4,55.7,62,55,56.1,60.1,58.2,60,66.6,66.5,61.9,86.4,83.8,81.2,78.2,80,83.6,84.8,86.3,84,91.1,91.5,91.8,89.3,93.3,97.8,101,101,106,107,106,110,111,113,114,116,117,117
Eritrea,,,,,,,,,,,,,,,,,,,,,,,,,,,,,,,,,62.2,82.6,76.3,73.3,75.6,106,95.8,80.1,89.5,75.1,83.8,86.3,108,105,123,93.2,103,102,102,104,104,103,103,105
Estonia,,,,,,,,,,,,,,,,,,,,,,,,,,,,,,,,159,139,120,110,100,92.2,86.6,91.4,84.5,86.3,94.5,96.1,94.6,102,104,109,109,120,119,128,129,133,140,157,129
Ethiopia,,,,,,,,,,,,,,,,,,,,,,,,,,,,,,,,,51.8,51.8,57.5,67.1,68,62.9,67.8,69.9,75.3,84.8,87.5,92.6,103,105,107,115,122,138,139,147,150,158,169,162
Fiji,50.8,61,69.8,70.7,64.7,63.6,62.9,75.3,71.5,77.4,71.9,65,67.8,62.6,62.9,64.9,73.6,75.5,93,85.3,93.7,96.2,71.2,104,87.4,105,85.7,88.9,105,108,96.1,99.4,97.7,104,107,105,99.8,81.8,101,101,92.5,97.2,90.6,97.2,98.7,104,95.2,93.3,87.1,81.1,93.1,76.5,85.8,87.7,84.8,83
Finland,86.8,87,92.8,95,95.5,90.7,91.6,91.6,96.1,93.6,97,96.1,90.8,94.7,97.4,103,96,97.6,101,102,97.8,104,112,109,105,105,95.2,97.4,105,109,98.5,92.6,96.2,98,94.9,96,99.6,88.9,92,98.7,97.6,101,97.7,97.6,102,101,101,100,101,93.4,97.2,93,99.1,101,98.2,97.3
France,68.3,78.5,73,73.7,78.6,74.4,80,83.6,78.7,85,84.8,83.6,92.1,91.7,86.8,86.9,83.3,90.2,98.1,98,95,102,97.3,104,101,100,103,101,100,101,95.5,103,95.1,95.3,98,103,103,104,105,103,98,104,97,104,99.5,96.8,95.7,99.3,101,101,103,101,100,105,105,96.1
Gabon,44.7,45.3,46.3,46.8,47.6,48.6,49.4,51,50.8,52.4,53.9,54.7,54.9,55.7,56.1,58,62.4,66.2,69.1,71.7,70,70.9,73,74.2,74.7,78.2,79,82,83.3,84.2,91.3,89.4,87.6,88.8,86,89.3,90.9,94.4,93.8,97.3,96.7,98.8,100,99.6,100,100,103,105,106,109,114,114,118,117,118,119
Gambia,57.6,58.8,59,61.2,67.1,72.4,65.9,72.2,68.5,70.4,75,67.3,77.9,71.8,70,68.7,54.1,68.7,45,46.6,65,78.5,62.4,62.3,55.6,64.8,66.9,62.4,72,53,69.5,58.4,65.2,67.7,66.4,57,67.9,66.4,89.6,98,105,71.3,88,107,93.9,99.3,75.6,102,120,135,90.9,108,100,89,101,107
Georgia,,,,,,,,,,,,,,,,,,,,,,,,,,,,,,,,106,100,103,117,116,121,108,110,98.5,102,96.2,111,102,120,77.2,88.8,76.1,76.3,71.8,78.4,73.6,87.8,74,75.5,71.5
Germany,68.2,73.1,77.9,75.4,73,77.8,85,86.1,82.7,87.5,86.5,86.6,88.2,92.2,89.2,89,92.8,97.6,99.2,98.6,98.8,105,102,108,107,112,107,109,109,108,101,95.7,93.1,89.9,91.9,94.7,94.9,96.4,101,102,102,98.2,94.6,103,99.6,97,101,104,106,105,106,107,107,113,109,108
Ghana,27.6,28,28.6,32.4,29.3,29.5,32.2,31.2,33.8,34.8,36.1,35.3,35.6,40.3,37.5,33.1,29.4,29.1,30.4,30.6,30.1,28.1,28.6,35.9,35.5,38.7,39.5,40.4,44.9,37,54.8,54,58.1,55.1,63.3,68.4,66.9,72.8,77.8,78.7,82,90.2,93.9,97.5,99.7,103,101,113,124,127,132,139,144,151,151,153
Greece,55.7,46.3,52.3,51.4,56,59.1,60.4,59.8,61.4,66.5,65.2,69,71.5,79.6,84.6,79,79.6,85.1,82.2,92.1,95.1,95.8,91.7,95.1,99.8,92.1,89.8,96.5,102,87.7,104,103,97.3,103,103,101,94.3,98.9,105,105,102,103,95.9,98.5,104,97.8,93.8,96.1,99,100,97.4,99.5,86.8,90.4,89.3,95.1
Grenada,121,130,138,132,163,163,176,182,181,176,160,152,146,140,142,162,159,159,167,156,168,149,140,152,139,148,164,145,141,145,142,137,143,149,139,134,128,126,133,133,123,140,126,130,78.7,90.8,93.8,93,94.5,95.4,97.7,97.9,98.5,137,136,128
Guatemala,17.1,17.7,19.4,20.4,19.9,20.7,21.3,24,25,26.1,26.6,28.3,29.5,30.2,31.6,33.7,34.8,34.7,32.5,35.5,37.2,39.3,37.9,38.5,40,40.4,42.3,44.1,47.7,51.8,52.8,53.2,56.6,59.3,66.6,69.8,71.2,73.9,73.1,74.4,82.9,91,92.6,96.6,100,103,112,115,121,120,124,133,143,153,160,162
Guinea,36.6,37.3,35.3,37.1,36.4,39.2,40.9,41.9,41.6,43.1,44.4,42.5,43,43.5,44.4,46.2,46.7,46.9,48.3,48.7,49.1,49.6,50.1,52.3,52.6,52.8,53.6,54.4,57.1,60,63.9,67.5,68.6,72.7,73.2,74.8,76.6,78.9,81.2,85.2,85.7,89.5,93.3,96.9,101,103,106,112,112,120,125,129,134,130,133,136
Guinea-Bissau,35.3,35.5,34.4,33.5,30.9,29.5,29,29.2,27.9,28.5,26.2,28.1,27.4,28.3,32.1,35.9,34,32.6,33.9,34.4,37.4,41.7,38.5,45.4,45,48.5,48.3,47.5,52.4,54.5,63.2,66.7,68.1,68.5,71.4,73.5,78.4,80.4,84.2,88.5,90.6,91,91.9,95.5,100,104,105,119,122,128,126,133,139,137,140,143
Guyana,68.3,70,62.7,71,71.1,73.5,73,67.8,77.3,74.3,79.4,70.9,69,83.2,80.8,75.5,81.3,86.3,74.1,75.4,79,77.7,67,71.3,68.2,71.1,65.2,60.9,58.6,50,61.2,72.1,77.3,84.1,99.3,104,108,96.6,108,98.3,103,102,110,108,94.1,98.1,99,98.6,107,108,116,116,132,126,147,131
Haiti,63.3,64.7,67,68.3,70.3,71.7,74.2,75.4,77.6,79.9,82.2,85.2,86.2,88.2,89.3,91.7,89.7,94.1,96.4,96,97.4,99.5,102,103,104,103,101,98.8,98.6,93.4,92,89.2,87.5,86.5,84.5,86,91,89.5,92.6,95.8,92.5,94.3,95.3,97.3,101,101,111,109,122,133,141,143,153,158,162,157
Honduras,31,30.7,30.7,33.1,32.9,38.6,45,48.2,50.1,49,53.8,56.9,54.8,49.3,41.1,48,52.3,57.7,56.1,62.3,65.1,62.5,57.4,56.8,58.7,57.9,63.1,64.2,65.1,67.1,67.7,68.3,69.3,72.7,73,80.6,77.8,77,65.7,71.7,73.9,81.5,91.1,96.9,101,102,107,110,104,108,113,118,117,118,119,120
Hungary,64.2,65.8,72.1,72.1,68.5,77,78.9,79.7,89.9,79.1,87,92.6,97.4,98.4,100,97.3,105,106,106,116,112,125,119,124,118,121,120,126,124,121,123,97.7,89.5,89.5,87.5,93.5,96.9,95.9,91.2,91.3,104,90.6,83.3,111,95.1,94.1,82.5,104,93.1,79.5,87.9,80.5,90.1,98.9,91.9,87.2
Iceland,86.8,91.9,90.4,89.8,95.4,90.3,95.6,88.5,88.2,86.6,87.5,93.5,95.9,102,103,102,103,109,110,103,103,103,101,102,105,106,101,87.8,85,85.7,86.8,85.6,83.2,85.8,85,83.8,85.1,86.1,90.8,93.5,94.3,98.2,99.2,99.3,99.1,102,107,109,109,111,111,115,114,115,120,123
India,32.1,31.7,32.4,33.2,31.7,31.6,33.5,35.4,36.6,38.5,39,37.3,40.3,39,43.4,43,46.5,48,45.8,47.6,51,50.7,56.8,57.9,59.1,60.1,59.5,65.2,68.9,70.1,71.1,74.1,76.9,79,81,84.1,86.5,88,92.1,91.5,94.6,87.4,96.4,94.7,100,105,114,117,114,123,131,134,139,143,141,144
Indonesia,20.1,21.6,20.4,21.9,21.8,22.4,21.6,24.9,25.2,26.9,27.8,27.7,30.2,31.7,31,30.7,32.1,34.2,35.6,38.8,41.5,41.4,44.5,48.5,49.6,52.5,53.3,56.4,59.8,61.9,63,68.1,68.9,70.2,76.6,78,75.1,75.1,75.4,78.1,80.5,85.8,91.9,95.7,98,106,109,114,121,124,126,136,137,140,144,145
Iran,14.6,15.5,15,15.3,16.4,17.3,17.5,19.1,19.7,20.2,20.3,22.4,23.3,24.5,25.1,27.5,27.6,29.6,28.7,30.2,34.3,38,38.4,39.7,42.5,47,46.8,45.7,46.3,54.5,55.3,62.9,65.3,66.9,67.9,72.5,72,81.4,77,77.6,79.1,90.8,94.6,92.8,103,105,115,88.7,99.2,103,103,106,110,114,112,113
Iraq,44.8,51.1,44.7,49,51.5,54.5,58.1,60.5,63.9,60.9,65,74.8,64,63.5,65.2,73.8,75,79,72.4,77.1,76.6,87.7,80,89.1,107,102,95.1,100,108,116,76.7,84,101,98.9,99.9,101,99.2,107,101,97.5,112,127,94.1,95.2,102,103,102,92.5,91.2,104,111,111,124,119,64.9,66.6
Ireland,49.6,48.4,48.9,50.6,49.1,51.3,58.4,58.5,58.1,57.6,63.8,62.3,60.1,67.1,76.9,69.7,78.5,84.5,80,86.5,76.3,81.9,85.7,91.9,93.8,96,94.2,91,89.8,98.7,101,104,104,98.7,99.3,103,100,105,113,108,104,100,102,102,98.5,99.8,101,94.2,94.8,101,103,96.5,101,103,109,110
Israel,23.9,25.8,27.4,31.4,31.4,32.4,37.1,38.3,39.1,40.8,45.3,49,49.3,51.8,52.7,55.3,56.5,57.7,57.4,57.8,58,63.2,65.9,64.7,65,62.4,66.8,62.6,64.8,72.6,65.4,68.8,69.6,71.4,77.3,77.5,76.5,77.8,79.7,87.7,87.5,94.4,92.4,100,100,99.9,104,104,105,105,106,109,109,110,107,110
Italy,70.6,71.9,71.6,75.3,78.2,80.5,85.5,82.3,85.1,85.5,85.1,79.5,87.5,88.5,89.5,85.9,88,90.1,96.7,101,97,94.2,105,95,95.8,95.5,100,93.3,96.1,89.5,99.7,101,96.7,96.8,94.8,97.3,95.4,96,103,98.8,98,94.8,92.7,103,100,96.2,94.9,98.7,101,98.2,96.3,92.7,91.5,87.8,93.4,92.6
Jamaica,69.9,69.7,74.1,76.9,79.5,81,79.7,74.7,71.6,74.2,79.7,79.4,74.5,75.3,73.9,76.1,76.3,81.8,78.1,76,74.2,71.7,74.8,81,75.9,77.3,79.7,79.6,73.9,89.5,90.4,96,97.8,102,104,109,102,101,105,97.6,102,100,105,102,96.3,101,101,95.9,98.8,97.7,102,104,103,103,102,106
Japan,67.8,72.3,74,76.3,78.8,80.4,86.6,90.9,91,92,90.1,96,96,97.3,100,97.4,106,106,109,104,105,109,109,112,115,116,116,114,115,114,110,114,106,113,110,107,108,103,104,104,102,103,99.2,100,101,99,101,101,99.8,97.4,95.8,97.4,97,96.9,95.8,92.2
Jordan,37.9,28.6,31.6,44.7,40,33.3,38.6,20.1,21.1,16.7,21.5,24.7,16.1,25.8,18.6,17.7,19.9,29.1,22.4,30.1,29.1,30.3,34.3,36.5,43.4,40.3,43.9,49.1,42.9,57.2,52.1,68.7,59.7,69.3,70.4,66,67.2,74.8,64.2,77.2,70.9,89.3,86.3,98,101,101,102,106,113,127,130,128,133,135,150,146
Kazakhstan,,,,,,,,,,,,,,,,,,,,,,,,,,,,,,,,141,125,105,85.9,80.7,80.1,65.4,86.9,78.4,92.8,94.6,93.4,92.4,99.7,108,119,111,125,107,141,108,123,125,131,141
Kenya,23.9,24.4,24.4,25.6,26.1,25.8,27,29.1,29.8,31.2,31.9,33.2,34.5,35.2,35.6,38.3,41.6,42.2,45.2,42.9,43,48.5,49.9,44.9,51.2,56.9,57,61.8,65.4,64,67.3,70.1,67.3,68.7,68.8,64.2,67.5,71.4,77.9,72,80.5,84.5,86.5,88.9,103,108,108,112,118,124,117,123,126,125,128,126
Kiribati,45.3,42.1,38.6,41.6,53.4,51.8,58.7,44.6,45.4,47.7,54.3,42.1,54,64.8,41.2,52.7,53.4,61.3,56.6,52.1,64.4,60.3,50.9,71.9,72.4,77.3,82.2,87.3,62.4,52.6,62.4,63.7,63.8,64.5,64.9,74.6,74.9,78.3,78.8,74.5,75.5,77.1,77.6,94.3,95.3,110,115,116,116,60.1,60.6,60.6,60,60.5,60.5,60.4
Kuwait,8.28,8.41,9.46,8.02,10.1,10.7,9.05,8.84,13.1,14.7,15.6,15.5,15.8,17.1,16.3,18.7,20.2,22.5,29.3,32.7,28.8,25.3,33.9,40.6,51,57.3,63.1,65.1,62.8,47.6,7.05,14,31.8,46.6,52.5,59.6,64,69.2,74.3,77.2,82.5,82.3,91,96,96.8,107,116,108,130,131,174,175,197,190,191,192
Kyrgyz Republic,,,,,,,,,,,,,,,,,,,,,,,,,,,,,,,,77.5,73.6,71,68.6,76.5,82.1,84.8,90.8,94.5,101,94.5,99.2,101,98.1,101,100,102,105,105,106,104,106,106,114,118
Lao,17.6,17.2,17.4,22.4,22.9,23.7,25.4,24.6,27.1,27.3,25.4,25.2,26,26.4,25.9,21.8,22.7,23.6,27.7,33,35.7,34.9,35.5,40.6,42,43.7,40,36.4,45.9,48.5,43.4,51,48,55.1,52.3,52,58.5,60.6,73.4,81.8,84.3,92.8,91.3,96.3,101,103,110,113,120,126,139,147,156,183,203,211
Latvia,,,,,,,,,,,,,,,,,,,,,,,,,,,,,,,,194,175,120,114,98.1,106,94.8,85.6,83.7,84.2,88.9,89.8,94.2,104,102,117,125,120,117,117,137,138,137,169,152
Lebanon,31,29.2,32.9,35,35.2,34.8,41.7,40.6,34.7,38.7,43.6,48,43.6,51.5,41,36.2,37,44.9,48.7,55.8,50.4,59.2,56.4,56.5,59.4,64,72.3,72.7,77.5,83.6,95.9,101,99.1,104,111,116,104,98.3,97.4,98.5,89.5,98.1,95.3,103,96.8,99.9,99.5,103,93.7,93.5,87.3,87.8,93.3,90.9,90,87.9
Lesotho,50,50.5,50.1,45.8,49.8,51.8,54.2,54.7,59.6,58.1,59.1,51.1,59.6,72.4,60.9,51.7,66.8,65.7,64.3,65.4,68.4,68,67.2,69.8,67,65.4,67.9,78,74.7,75.3,73.5,80.5,88.3,94.8,83.9,96,99.5,89.8,107,106,118,102,96,97.8,105,97.1,105,101,94.7,107,112,109,112,112,97.7,95.3
Liberia,48.4,49,50,50.9,53.4,54.7,55.5,57.9,59.5,63.6,66.5,67.5,68.6,74.8,73.7,77.5,80.3,80.9,81.8,82,86.3,89.1,90.1,90.4,92.7,92.7,95.5,97.5,96.7,81,69.4,72,66.6,66.8,65.8,72,85.4,92.5,94.1,99.4,96.3,93.3,93.3,95.4,101,103,114,122,123,127,131,134,129,127,133,136
Libya,15.2,15.9,15.3,14.3,25.3,26.4,29.4,31.1,24.4,27.4,22.6,35.9,42.8,40.2,48.7,52.9,40.2,50.8,51,59.6,59.6,64.4,68.7,66,68,68.9,66.4,68.8,73.3,77.1,78.2,77.4,79.1,83.9,91.3,95.6,98.9,100,105,94.6,91.7,95.7,97,97.3,101,102,107,106,110,112,115,117,115,114,116,117
Liechtenstein,39.4,41.6,40,38.7,40.6,40.9,43.5,44.3,43.2,44,40.4,40.6,39.8,41.4,44.7,47.5,50.5,52.2,58.5,63.5,65,69.8,74.8,83.6,89.6,94.5,94,91.1,94.2,92.8,92.8,91,88.5,89.4,90.3,92.2,92.5,94.4,90.7,92.2,96.2,98.3,99.9,102,99.8,98.5,97.9,99.7,99.1,101,104,103,99.8,102,99.6,97
Lithuania,,,,,,,,,,,,,,,,,,,,,,,,,,,,,,,,134,117,87.5,87.2,96,96,93.2,83.2,89.6,75,87.2,94.6,98.9,106,94.9,108,113,119,106,111,128,123,130,145,137
Luxembourg,,,,,,,,,,,,,,,,,,,,,,,,,,,,,,,,,,,,,,,,110,94.3,101,96.2,99.7,99.5,101,97,101,103,92.1,92.1,88.9,91.3,104,109,110
"Macedonia, FYR",,,,,,,,,,,,,,,,,,,,,,,,,,,,,,,,101,77.3,86.7,87.2,91.6,91,93.3,96.3,98.3,86.7,78.6,88.7,98.2,99,103,105,112,111,116,113,110,114,110,125,125
Madagascar,46,47.2,48.7,50.8,49.7,53.1,55.3,56.4,58.7,59.9,59.3,60.9,61.3,68.7,67.5,68.8,63.2,69.7,65.8,69.3,69.3,70.1,73.8,76.2,76.5,78,77.5,78.8,80.9,81.4,82.8,84.1,87.6,84.3,87.3,89,90.9,89.2,90.9,88.9,87.8,86.1,88.5,92,103,105,108,111,116,119,121,127,120,124,120,121
Malawi,22.8,24,23.7,25.4,26.1,27.1,31.6,30,31.1,29,34.5,36,38.4,38.6,37.5,40.2,43.2,44.2,43.3,43.1,45.9,48.3,44.7,45.9,45.4,48,47.4,49.2,48,46.2,50.5,39,51.8,43.6,51.5,61.3,58.6,70.8,83.5,99.7,111,82.7,95.2,98.4,85.9,116,135,136,155,156,165,180,192,164,150,147
Malaysia,8.78,8.96,9.39,9.33,10.2,10.3,10.6,11.9,13,14.2,15.2,16.1,16.7,18.5,20.2,21.4,22.1,22.1,25.8,27.6,28.9,32.5,30.7,34,37.5,40.2,41.3,45,51.4,53.6,55.2,57.9,64.5,64.4,66.9,69.5,72.2,68.3,76.7,78,82.8,84.4,91.6,94.9,100,105,105,115,115,115,124,125,129,129,130,131
Maldives,54,55.9,57.8,59.7,61.2,66.2,67.9,69.3,70.2,73.8,76.5,74.5,78.1,79.1,87.8,85,90,87.5,86.1,93.5,95.3,99.1,105,108,110,112,109,110,106,77.1,73.6,77.5,91.1,98.5,97.4,101,91.1,90.7,85.1,90.1,81.7,78.6,92,112,89.3,99.1,84.6,83.5,79,75.9,69.8,65.3,63.2,65.6,67.2,67.3
Mali,23.2,24.9,25.7,25.8,27.6,27.7,29.4,28.7,31.5,31.6,31.1,27.4,25.1,28.6,32.5,33.5,33.8,35.4,36,36.8,40.8,42.3,41.7,37.3,39.5,42.5,41,47.9,47.3,47.3,69,62.8,65.1,68.9,68.5,70.9,71.7,76.7,81.9,77.7,83.3,82.3,95,93.2,102,105,117,129,140,132,147,151,150,152,160,176
Malta,44.7,43.4,46.1,45.3,46.3,44,45.9,52.9,57.6,55.3,59.3,61.2,63.6,62.5,63.8,66.6,70.5,67.5,64.7,64.3,63.8,63,70.1,70.3,74.7,75.8,76.1,77.2,79.6,79.3,84.2,92,91.8,98.9,95.9,112,104,112,111,108,107,106,104,101,97,102,98.2,106,96.5,98,95,90.7,92,95.3,92.8,90.3
Marshall Islands,,,,,,,,,,,,,,,,,,,,,,,,,,,,,,,94.7,132,103,109,173,146,136,96.7,76.1,19.1,16.8,58.6,136,84,96.7,119,99.8,129,118,112,97.1,109,115,115,110,104
Mauritania,44.1,45,46.3,47.8,49.5,50.1,50.9,52.9,51.3,51.2,50.1,47.6,42,40.1,41.3,45.1,48,50.6,51.4,54.1,56,54.4,51.9,50.3,54.2,54.5,55.9,57.4,60.9,63.2,78.5,76.5,76.9,76.5,80.2,83.6,83.2,84.8,87.5,90.3,90.7,94.8,97.2,97.9,100,102,99.4,95.6,99.9,108,108,115,116,120,125,120
Mauritius,71.5,68.6,84,65.4,86.9,72.1,85.6,76.9,85.3,75.3,78,91.2,90.8,88.1,66.3,94.3,89.5,91.1,93.1,69.9,79.9,97.3,80.7,77.7,85.6,92,94.9,86.8,86.8,90,90.3,94.9,91.9,85.2,92.3,93.1,101,98.5,76.5,94.6,108,95.4,101,104,98.5,97.3,92,96.3,100,98.3,97.6,95.3,93.2,95.8,94.2,91.8
Mexico,23.7,25.4,26.3,28.5,30.8,33,33.4,34,33.9,35.5,37,39,40,41,43,43.6,47.5,51.9,50.5,54.7,58.1,58.6,60.6,60.6,62.5,65.3,64.9,63.2,61,65.9,68.8,69,71.9,73.8,78.5,76.2,79.5,82.1,87.1,88.4,92.6,92.5,94.9,98.1,98.5,103,105,106,105,107,108,113,115,117,120,127
"Micronesia, Fed. Sts.",,,,,,,,,,,,,,,,,,,,,,,,,,,,,,,0.07,0.07,0.07,0.07,106,106,106,106,106,106,106,106,106,104,99.9,96.6,98.3,96.9,96.6,96.2,95.8,94.5,100,112,127,101
Moldova,,,,,,,,,,,,,,,,,,,,,,,,,,,,,,,,132,161,111,125,108,109,84.1,89.2,85.7,84.6,98.1,102,105,99.5,95.6,82.1,103,90.1,92.5,102,85,99.8,92.9,78.2,97.4
Mongolia,104,97.4,88.1,89.7,95.7,103,107,98.7,98.4,101,100,106,107,114,128,120,113,126,126,119,121,124,130,126,128,137,131,128,137,135,146,127,111,106,110,126,122,135,146,143,112,104,88.7,105,97.7,96.8,106,118,142,114,123,129,142,155,151,160
Montenegro,,,,,,,,,,,,,,,,,,,,,,,,,,,,,,,,,,,,,,,,,,,,,,100,79.2,74.7,68,65.1,71.7,60.3,67.3,63.2,69.2,63.3
Morocco,23.3,27.2,29.1,29.8,33.4,29.5,29.9,42.3,33.6,34.1,40.5,37.5,35.1,39.2,36,39.8,33.8,40,42.9,42.6,39.4,48.6,42.8,45.3,48.8,59.2,55.9,66.8,74.5,69.3,79,62.7,63,78.5,55.4,84.3,73,82.9,77.4,72,77.3,83.6,96.3,97,93.2,110,92.8,102,121,125,128,123,128,132,139,118
Mozambique,46,47.2,48.7,50.6,49.7,49.7,51.7,57.2,56.9,59.7,63,64.6,68.4,66.2,61.1,57.9,57,55.5,56.2,57.7,58.1,56.4,53.9,52.8,53,54,53,53.4,54.9,57.6,58.6,51,57.3,56.5,75,83.4,88.3,92.8,94.2,88.2,92.2,81.4,99.6,101,96,103,103,100,116,150,158,159,124,143,141,150
Myanmar,21.5,24,24.9,26.2,25.5,22.4,25,25.3,25.1,26,26.7,25.1,27.4,27.8,29.1,29.6,30.4,33.3,33.8,39.5,42.8,45.1,46,47.3,48.5,48.6,47.5,46.3,43.9,43.4,42.1,47.6,51.7,55.7,57.5,58.9,58.4,59.3,68,75,79.8,82.5,87.6,91.4,98.1,111,117,126,130,132,129,125,130,133,135,136
Namibia,65.9,57,70.1,70.9,69.4,65.5,76.2,80.5,78.4,85.5,92.8,104,107,109,72.6,79.9,75.9,82.8,86.4,91.8,94.1,73.2,63.1,65.5,70.6,73.5,79.3,79.7,86.1,81.8,87.3,86.8,88.5,94.2,91,98.4,61.1,90.3,87,84,86.5,83.9,87.7,93.9,104,102,102,89.4,91.1,90.2,89.1,91.4,89.6,91.1,91.8,92.6
Nauru,40.1,40.2,40.4,41.4,46.5,46.6,47.4,47.7,51,52.1,53.3,53.8,55.9,58.3,60.9,42.4,51.5,56,60,64.2,69.1,71.3,69.2,63.3,67,69.1,71.1,72.8,73.6,75.6,81.5,84,85.9,87.3,88.8,89.8,91.1,92.5,93.7,94.5,95.4,96.6,97.8,98.9,100,101,103,104,105,106,103,109,111,112,113,114
Nepal,28.3,28.6,29.1,29.6,30.5,29.2,30.2,31,32.1,33.1,33.5,32.1,35.4,36.5,38.2,37.5,37.2,38.4,37.1,40.6,42.7,39.7,49,49.3,50.7,48.9,54.6,59.2,62,65.2,68.5,65.4,72.5,70.8,76.6,76.1,78.7,79.7,82.9,87.2,89.3,91.4,94.7,98.5,100,101,100,107,112,113,122,140,131,136,136,138
Netherlands,44.1,46.3,46.6,48,47.3,48.9,54,56.2,57,62.5,65.3,64.9,67.7,73.2,73.5,75.1,76.7,82,84.8,87.1,90.7,93.8,93.2,97.3,97.4,101,100,99.7,98.4,103,102,108,108,106,105,107,97.6,99.6,106,104,99.9,98.7,95,100,99.3,101,103,106,110,113,115,112,113,116,117,120
New Zealand,40.2,42.1,42.8,44.3,44.4,45.8,47.5,50.1,52.2,51,51.3,53.6,53.8,49.5,53.8,59.8,57.7,56.5,56.5,58.5,60.7,61.6,63.6,64.3,69.2,67.3,66.9,69.4,67.2,65,69.1,71,72.7,76.2,77.8,79.6,84.2,84.9,80.7,86.6,90.3,91.6,96.4,101,99,99.8,103,103,103,105,106,111,111,118,120,119
Nicaragua,28,29.5,32.3,34.7,35.7,37,40.3,43.1,45.1,46.6,48,49.6,49.9,52.2,57.6,60.3,63.1,67.8,72.7,49,47.8,50.3,49.6,51.5,47.7,46,42.5,42.1,46.6,49.5,50.5,52.4,55.4,56.4,58.5,61,61,65.3,71.4,82.2,82.4,85.7,95.6,94.6,102,103,106,108,118,120,126,129,131,128,123,129
Niger,24.8,28.1,29.6,29.5,29.8,31.6,34.4,32,34.7,33,33.6,33.5,24.6,29,27.6,32.7,39,40.5,40.5,43.7,43,43,42.9,33,33.8,37.6,34.5,44,41.7,45.8,49.4,52.8,50.2,52,53.2,61.7,57.4,76.6,74.9,68.9,83.4,92,93.6,88,102,110,116,139,113,146,128,140,146,153,163,176
Nigeria,22.9,23.8,24.9,25.7,26.9,26.1,27.4,27.8,30.8,33.5,30.4,27,28.1,31,29.8,28.4,28.1,27.8,28.4,30.1,30,30.9,31.5,33,35.3,36.8,37.5,42.7,46.7,49.2,55.7,60,63.7,65.5,67.5,70.4,73.2,77.4,80.8,81.8,81.4,85.4,88.9,94.4,99.6,106,99.2,105,93.3,106,100,113,111,124,126,125
North Korea,35.2,36.8,39.1,40.7,38.4,40.9,40.1,40.4,44.8,45.8,49.2,50.1,53.6,57.6,61.9,64.8,68.6,70.5,73.1,71.4,77,71.3,75.1,79.8,82,86.6,88.1,88.7,91.1,91.5,110,104,103,98,75.8,69.8,70.9,83.7,85.3,84.4,94.5,96.7,98,99.4,101,99.4,92,98,97.3,97.8,99.1,102,103,101,104,101
Norway,81.2,82.9,84.8,81.8,83.9,85.4,86,90.1,87.9,86.4,87.3,88.8,89.9,95.6,90.1,92.3,96.2,98.8,95.8,101,103,108,102,105,103,100,105,105,104,109,96.8,96.9,97.5,93.8,96,98.2,97,99.1,98,96.7,94.7,95.2,97.1,101,99.1,100,101,102,99.9,102,98,102,104,106,108,107
Oman,11,11.1,11.2,11.4,11.5,11.7,11.9,12.1,12.6,12.8,13.2,14.9,15.4,16.5,17.7,19.2,21.3,23.4,26.5,29.7,35.2,43.6,45.6,45.2,44,47.6,47.8,49.3,51.1,52.7,56.1,58.7,63.9,68.6,70,69.9,72.3,83.1,93.4,88.8,90.5,81.8,78,90.3,112,97.7,101,101,100,120,112,124,128,133,145,146
Pakistan,20.3,21.5,22.3,22.8,23.9,23.9,25.8,27.9,28.7,29.8,30,30.8,31.9,32.9,33.4,35,36.5,36.8,38.7,39.4,41.8,43.5,44.2,46,47.6,51.8,53.9,54.5,58.7,60.5,63.5,64.9,69.3,71.9,77.7,79.2,80.8,84.8,86.9,88.5,86.7,88.2,92,96.2,101,103,108,113,115,114,121,121,128,129,131,130
Palestine,,,,,,,,,,,,,,,,,,,,,,,,,,,,,,,,,,72.1,82,87.4,79.4,86.3,79.5,101,84.2,107,94,102,96.2,102,88.7,94.7,88.5,75.4,78.3,87.7,82.8,88.3,87.6,87.7
Panama,42,43.4,45.3,46.6,49.3,50.6,53.2,65.9,69.5,66.6,70.4,69.5,70.1,71.5,75.5,76.8,81.4,82.3,81.2,78.1,81.3,84.7,85.4,86.3,87.5,82.6,92.6,88.3,91.4,92.8,86.6,86.3,89.5,89.8,93.1,93.4,94,94.3,98.2,95.6,98.2,97.6,98.8,96.7,98.8,105,110,109,105,107,111,116,117,118,117,115
Papua New Guinea,35.1,36.3,37.2,38.3,39,40.5,41.3,42.5,43.8,45,46,47.4,47.6,50.3,50.9,52.3,52.9,54,54.5,56.2,57.3,58.8,60,62.9,64.4,64.8,66.3,67.3,68.3,69.2,70.8,74,76.2,76.3,77.5,81.4,82.5,84.2,87.6,90.5,90.4,93,95.6,97.7,98.6,104,109,112,114,113,116,117,120,121,122,123
Paraguay,21.5,21.1,21.2,23.3,24.9,24.3,25.3,25.6,25.5,27.7,28.4,28.6,28.6,29.9,28.9,30.8,35.1,35.2,36.7,37.4,40.6,41.2,42.9,46,49.9,45.3,48.8,54.7,60.9,63.3,57.9,59.5,65.7,62.9,67.4,71,77.3,80.4,78,80.1,88.5,87.7,98.6,94.5,98.6,107,125,129,110,154,163,129,178,182,181,184
Peru,30.2,31.1,30.7,33.5,33.5,36.1,37.3,34.8,38.3,41.8,42.9,41.1,41.4,43.2,42.5,42.7,43,42,41.5,40,44.5,46.8,43.8,47.4,47.5,48.7,53.6,56.6,54.6,50.4,52.5,49.9,53,59.8,63.7,69.4,74,72.8,82.8,86.4,84.8,90.2,93.8,93.2,99.9,107,111,121,124,131,134,142,148,149,149,152
Philippines,25.7,27.4,28.6,29,29.7,30.6,31.1,31.4,33,34.4,35.8,35.3,37,40.7,44.2,47.7,49,50.5,52.5,54.7,55.6,57.4,53.4,54.8,55,59.1,57.7,58.2,61.1,67.5,71.3,71.2,73.4,76.5,76,81.9,82.4,75.7,83.5,85.8,89,91.8,94.7,97.4,99.6,103,109,113,113,112,117,121,122,117,116,114
Poland,74.8,70.1,73.3,77.2,78,83.1,84,86.7,81.3,86,82.3,87.2,93.5,96.1,97,102,96.6,106,106,92.5,92,93.7,97.2,102,103,109,102,107,109,110,103,93,99.6,84.8,90.7,96,92.4,98.2,93,92.4,95.8,96.1,97,101,98.6,100,99.9,102,107,102,104,109,110,117,110,118
Portugal,74,79.8,85.4,78.8,87.5,67.7,80.5,79,77.3,84.7,75,77.6,81.9,86.8,80.9,77.1,69.3,73.3,88,78.9,72.7,87.9,74.3,81.4,82.4,85.5,92.8,73.7,93.3,101,105,93.5,92.3,94,96.6,102,96.8,91.1,104,95.6,97.4,98.2,96.3,103,98,99.3,96.1,100,104,106,101,99.1,104,104,117,109
Qatar,11.7,13.2,14.1,15,15.9,17,18.4,20.2,21.7,21.7,23.7,24.6,11.9,12.3,11.7,11.2,25.9,29.5,34.1,31.7,36.7,37.7,39.4,42.9,44.5,48.7,50.4,53.8,64.1,69.5,83.8,92.5,91.5,94.1,107,112,126,102,110,118,94,110,93.8,99.7,95.1,105,124,113,126,135,144,148,166,164,171,170
Romania,61.8,59,59.8,59.8,65.6,76.8,75.7,77.3,78.1,67.4,79.4,89.5,86.5,88.6,89.8,107,106,107,114,103,106,115,109,122,112,111,98.2,103,98.4,94.1,96.5,82.7,100,92.5,96.4,93,100,86.6,90.8,81.7,91.6,84.8,95.4,111,95.3,93.5,78.7,94.5,94.1,94,103,86,102,117,109,113
Russia,,,,,,,,,,,,,,,,,,,,,,,,,,,,,,,,123,123,109,106,99.9,100,87.9,89.1,91.9,91.5,101,95.1,97.3,100,102,112,118,123,109,130,125,132,132,137,147
Rwanda,24.5,32.7,24,23.8,26.8,29.4,35.5,34.8,37.5,39.1,40,39.4,41,39.2,44,46.6,48.6,49.3,52.9,53.4,58.4,61.3,61,55.6,66.3,60.7,60.5,58.5,66.3,76,86.4,91.7,64.3,45.2,54.3,60.6,63.4,71.4,77.8,83.2,79.2,100,93.8,93.8,101,106,107,116,135,140,151,162,165,155,150,141
Samoa,82.5,90.2,92.7,97,85.3,80.4,76,85.8,93.6,85,99.3,94.5,92.3,97.7,96.5,95.9,101,94.8,107,111,107,119,111,107,113,113,110,107,102,91,74.8,75.5,73.8,74.3,83.1,88.5,90.2,92.8,89.8,92.6,96,97.4,99,99.1,101,99.7,98.7,101,106,106,109,111,113,114,119,118
Sao Tome and Principe,79.6,83.4,71.3,86.4,80,83.3,83.6,80.7,74.8,74.9,81.2,78.5,82.2,77.8,65.2,62.3,61.1,63.6,69.5,56.9,60.5,58.2,58.2,51.6,54.2,57,56.1,57.7,52.8,49.1,53.1,67,69.6,73.2,67.5,76.6,89.9,94.3,96.4,98.5,103,104,105,97.9,101,101,103,99.6,102,105,106,108,118,126,113,111
Saudi Arabia,9.74,9.58,9.7,9.92,10.6,10.8,11.2,9.84,11.7,12.9,17.1,11.2,14.5,20.2,21.8,18.6,21.3,21,23.1,22.8,23,30.2,35.9,45.2,52,55.6,61,65.7,66.8,71.4,72.8,76.4,74.2,72.7,72.3,70.8,79.3,81.6,77.8,81.7,88.2,89,92.5,98,100,102,103,104,101,104,104,104,106,96,102,107
Senegal,63.8,65.1,70.3,68.9,74.2,68.7,75.8,62.1,67.3,50.9,72.7,47.7,55.8,72.5,90.6,80.9,47.2,79.5,56.4,49.4,76.7,75.9,51.5,52.9,70.8,79.3,86.8,74.7,85.3,77,79.9,73.7,80.4,81.2,89.4,80.3,75.9,74.6,108,106,101,67.2,93.6,94.5,111,94.6,85.6,130,142,155,110,127,123,127,164,148
Serbia,,,,,,,,,,,,,,,,,,,,,,,,,,,,,,,,,,,,,,,,,,,,,,100,97.6,101,107,102,105,94.8,102,94.6,89,98.6
Seychelles,136,145,136,162,145,167,195,208,147,140,129,155,145,142,132,132,123,116,129,138,138,133,148,126,143,151,123,113,123,121,123,115,120,135,157,150,163,151,151,151,147,120,117,106,98.5,95.5,101,100,93.7,95.7,106,108,111,113,105,104
Sierra Leone,32.8,35.5,35.8,38,39.1,40.7,41.5,41.6,44.7,43.3,43.1,43.8,43.5,45.1,47.8,48.2,48.9,50.5,46.3,47.5,48.1,51.4,49.1,51.4,49.5,54.5,52.9,54.3,56,55.9,59.8,56.1,57,57.6,54.6,56.7,58.7,54.1,48.2,44.3,48.8,58.3,82.9,91.8,92.3,116,101,108,133,150,159,164,173,175,173,201
Singapore,423,420,416,421,449,469,474,514,656,655,750,860,855,866,962,1060,1080,1050,1070,1090,1030,991,997,989,853,770,681,516,507,491,416,339,220,163,163,131,181,160,171,70,71.1,93.1,102,117,90,93.3,95.9,89.3,91.8,92.3,101,105,112,112,110,115
Slovak Republic,,,,,,,,,,,,,,,,,,,,,,,,,,,,,,,,,115,111,104,110,113,108,103,89.5,92.5,98.5,91.6,103,103,94.7,89.5,105,92.8,80.1,86.8,76.9,85.3,99.5,87.7,102
Slovenia,,,,,,,,,,,,,,,,,,,,,,,,,,,,,,,,78.3,89.7,97.4,94.3,101,99.3,102,97.9,98.3,100,105,102,106,98.5,95.9,93.9,94.9,92.6,94.9,94.7,87.7,86,88.3,92.3,88.7
Solomon Islands,29.8,30.2,31.2,32.1,32.4,32,32.8,31.3,34.5,37.8,38.9,38.1,39,40.1,41.7,44.1,46.1,49.4,55.8,56.7,62.3,61.8,62.1,70.3,72.5,70.5,56.3,58.6,61.8,62.1,67,72,70.7,71.3,77.7,79,82.1,83.8,79.3,81.6,78.8,79.6,81.6,92,103,105,112,117,108,111,112,112,115,117,116,112
Somalia,47.3,48.9,51.6,53.6,55.3,57.4,59.9,62.7,64.3,66.2,65.6,69.9,66.6,63.6,69.6,70.5,74.5,77.6,78.9,82.4,85.2,88.7,85.1,84.5,90.6,90,96.1,99.5,100,93.2,76.4,67.2,74.5,84.5,88,90.4,94.2,91.5,91.2,91.8,91.6,96.7,98.1,98.8,103,98.1,98.3,94.5,95.7,105,108,111,117,110,109,108
South Africa,41.4,42.3,43.6,43.5,45.6,47.1,57.2,49.4,52,49.7,58,61.9,52.2,63.8,62.3,62,65.3,69.1,68,70.9,77.6,70.9,60.9,66.5,70.7,70.4,74.5,75.7,79.9,79.6,81.7,69.4,78.6,83,70.9,85.3,85.9,80.7,87,95.5,88.7,96.5,96.9,98.2,103,99,102,118,117,118,116,119,123,127,122,117
South Korea,25,23.3,26.1,29.7,30,32.6,30.8,30.8,35.6,35.3,36.5,36.6,38,40.4,46.1,51.5,55.6,60.1,62.7,53.4,59.8,61.8,63.9,66.5,69.6,72.5,73.8,78.6,80,79.3,78.3,86,86.5,87.1,91.9,96.7,99.1,97.8,103,104,104,100,98.4,99.3,99.9,101,101,105,108,101,98,99.3,104,106,104,103
Spain,37.7,37,44.6,40.1,40.6,44.9,42.2,45.5,44.6,48.1,48.3,53,59.1,59.6,60.6,60.1,57.3,66.2,68.8,71.5,66.1,74.3,66.4,76.5,72.7,72.5,81.4,73.8,79.2,83.1,79.9,83.2,80,76,70.5,88.5,95.3,91.2,92.6,100,101,100,111,102,95.7,102,101,101,102,104,107,93,114,102,106,104
Sri Lanka,41.5,44.4,46.3,49.2,44.5,45.1,50.4,53,52.7,56.7,56.3,55.5,54.1,60.9,62.7,63.8,65.8,69.8,80.1,86.7,83.6,79.4,90.8,84.7,88.8,88.4,76.4,81.3,77.4,85.1,81.8,82.7,88,94.4,97,85.1,87.6,89.4,93.2,95.3,92.3,94.2,97.9,93.3,102,104,103,115,114,125,119,125,140,125,131,131
St. Kitts and Nevis,261,248,227,241,222,227,214,210,168,213,184,169,151,155,156,214,229,235,247,231,225,230,191,201,184,181,180,186,173,127,147,189,157,138,138,150,206,173,146,141,141,140,142,178,90.7,31.4,33.9,36.7,35.2,34.3,38.6,39.4,40,39.1,37.8,39.1
St. Lucia,171,184,187,196,226,224,222,220,217,178,179,181,168,185,159,170,170,188,183,163,165,168,177,200,213,264,226,304,275,297,250,288,294,239,270,255,221,187,158,130,109,134,114,112,90.3,97.3,97.9,116,112,87,74.9,74.8,62.1,68.4,65.4,64.4
St. Vincent and the Grenadines,91.9,94.7,92.5,96.5,89.9,88.6,82.5,85.8,87.4,83.4,89.2,84.1,86.3,80.3,77,88.7,87.9,100,96.1,93.6,101,102,110,131,150,143,120,166,152,166,142,168,147,96.4,124,116,95.2,103,101,104,95.7,109,96.8,96.9,102,101,104,99.5,97.3,106,108,103,103,108,105,104
Sudan,23,23.4,24.7,23.8,23.9,24.1,27.6,25.4,27.9,29.1,30,30.6,31.3,34.4,35.2,36.2,38.6,39.4,38.8,41.1,46.3,40.5,42,37.3,45,44,40.4,47.7,40.8,39.8,48.5,54.1,50.5,59.5,60.9,66.8,68.4,73.3,74.9,78.7,87.3,89.6,98.6,97.1,101,102,101,102,104,99.8,107,,,,,
Suriname,42.5,49.1,48.2,48.7,60.7,61.5,72,76.9,73.9,80.6,80.8,74.3,86.4,86.4,95.8,92.2,96.5,105,114,122,132,139,128,143,148,143,133,136,135,121,128,136,120,118,118,111,115,97.3,99.9,96.3,104,85.2,91.4,95.7,98.3,106,114,109,124,145,142,146,156,160,154,157
Sweden,95.7,99,97,97.7,96.7,91.5,96.2,97.2,87.7,92.9,91.6,92.2,90.3,104,96.5,101,103,105,105,105,109,112,109,119,111,107,94.5,97.6,106,110,92.8,90,102,97.3,97.9,103,105,104,100,102,100,101,100,103,100,97.3,95.8,96.4,97.6,96,96,95,96,101,103,99.6
Switzerland,81.2,84.5,81.9,83.4,80.2,85,94.5,91.5,92.8,90.4,91.6,89.6,96.8,93.8,98.6,99.5,98.7,100,109,105,102,113,106,110,107,110,103,109,108,106,103,108,102,99.3,101,102,97.3,107,98.1,102,98,100,98.1,102,98.6,99.8,102,102,106,104,110,106,103,108,105,103
Syria,14.1,19.6,18,19.6,19.1,16.8,20.3,19.1,21.1,16.7,19.1,25.2,16.8,27.8,28.7,32.7,31.7,36.8,34.1,45.4,46.5,49.8,48.3,44.7,47.1,51.7,44.4,59.8,43.6,50.7,49.7,58.4,54.1,58.1,61.9,70.5,61.5,79.2,66,77.6,76.3,96.8,89.9,94.5,98.8,107,93.6,90,96.2,92,103,93.8,83.4,67.8,78.8,85.3
Tajikistan,,,,,,,,,,,,,,,,,,,,,,,,,,,,,,,,96.4,86,86.7,81.7,67.5,67.9,61.5,64.6,76.1,78.1,85.6,89.1,102,96.7,101,101,109,120,121,124,134,152,150,160,155
Tanzania,25,25.8,28.2,28.2,28.6,31.9,31.8,31.4,32.3,34,34.3,34.4,36.4,36.4,41.3,42.8,45.9,46.6,49.3,46.4,48.8,51.3,54.1,55.4,58.3,59.6,59.3,59.2,63,64.3,66,64.3,65.7,64.4,69.5,69.4,66.6,72.6,75.3,73.9,76.9,94,82.8,95.2,96.8,108,108,108,112,129,138,147,173,187,194,169
Thailand,26.2,28.1,29.8,29.1,29.7,33.7,30.9,33.2,35.5,36.7,37,35.6,42.1,41.4,45.5,49.1,49.4,56.8,52.7,58,59.4,59.3,62.3,64.3,66.9,63,63.4,68.9,72.3,68.4,75.4,77.9,76.3,78.9,80.2,82.9,84.5,80.8,85.1,92.3,96.6,97.6,104,100,98,102,112,111,114,114,123,132,130,126,119,115
Timor-Leste,83.2,83,83.3,89.4,90.7,93.5,92.9,95.8,95.8,96.9,98.9,103,104,104,102,93.4,89.9,88.8,84.3,80.6,80.5,80.6,82.1,86.2,88.8,89.2,90.1,89.6,88.2,95.3,99.7,99.1,107,103,102,93.8,97.5,86.3,82.6,87.2,87.8,96.6,96.7,94,101,105,103,115,133,129,116,126,120,120,120,119
Togo,35.3,35.8,37.6,38.7,39.8,41.2,41.2,42,43.1,45.7,47.4,45.2,46,45.4,46.8,45,43.2,47.7,50.5,50,50.7,49.8,46.3,49.9,52.5,54.5,53.5,57,59.9,62.2,59.8,60,71.3,70.4,69.9,82.3,85.8,83.5,88.5,83,89,89.4,91.1,94.7,99.4,106,109,119,128,129,139,138,125,144,145,145
Tonga,117,107,114,112,118,135,142,132,131,116,119,127,118,128,140,140,135,118,120,131,129,102,104,104,103,114,101,92.9,94.1,92.9,93.4,91.8,133,105,93.3,92.6,90.3,88.9,97.2,94,95.8,98.2,97.1,97.5,97.3,105,140,135,137,135,137,135,134,135,140,138
Trinidad and Tobago,101,93.2,100,98.4,108,107,106,115,114,120,113,121,105,106,107,118,112,102,99.8,97,88.7,96.3,85.6,81.7,82.8,82.7,83.3,84.9,82.1,89.2,89.6,87.6,90,91.5,92.3,94.5,89,79.1,86.5,98.6,97.8,119,104,101,98.8,100,105,86.4,90.7,96.3,94.1,95.8,96.5,96.5,96.7,96.1
Tunisia,23.7,25.9,33.7,33,31.5,25.4,28.5,28.2,23.9,31.4,44.5,36,43.9,44.2,53.2,43.4,48.5,43.1,42.3,52.3,46.4,40,54.8,50.3,59.5,56.4,61.1,46.7,57.8,69.7,87.5,72.3,81.4,60.1,59,102,70.5,89,99.3,84.6,72.3,73.1,108,91.8,102,107,105,110,105,107,106,120,118,108,144,118
Turkey,35.5,36.2,37.3,37.5,37.1,40.1,40.8,42.8,42.2,45.2,46.7,48.2,44.7,48.9,52.3,55.6,55.1,58.5,58.8,61.2,62.3,65.2,63.2,67.2,67.5,75.5,73.8,78.8,74.8,79.5,80.7,81.1,81.1,82.7,82.1,87.3,84.6,94.2,89.9,94.2,86.9,92.5,93.7,94.3,102,104,100,105,109,113,119,126,130,126,134,134
Turkmenistan,,,,,,,,,,,,,,,,,,,,,,,,,,,,,,,,48.8,53.2,58.1,59.3,51,51.7,61.2,65.8,72.4,75.5,85.6,90.3,97.5,102,101,105,101,101,104,107,113,121,116,109,113
Tuvalu,79.2,79.6,79.9,86.5,86.6,86.7,78.8,73.8,67.3,61.9,81.2,44.5,40.2,94.4,48.5,40.7,56,98.1,103,99.8,98.8,70.1,73.5,78.3,82.5,77.7,70.8,67.9,71.3,63.4,97.9,88.9,78.5,77.5,82.2,84.3,87.7,90.8,88.9,94.3,93.2,97.5,99.6,98.8,100,101,105,104,105,104,105,107,109,109,110,111
Uganda,31,31,33.3,33.9,30.8,31.7,36.8,39.8,43.4,55.4,54.4,55.7,55,58.5,63.4,60.4,60.3,61.3,45.7,44.4,49.2,52.3,55.5,52,53.2,52.6,55.3,58.6,63,66.5,68.6,68.5,72.2,70.4,73.6,69.7,71.4,78.4,82.9,85.7,90.4,94.8,99.4,99.4,101,100,103,89.3,93.9,96.9,98.1,96.5,98.4,101,101,98.3
Ukraine,,,,,,,,,,,,,,,,,,,,,,,,,,,,,,,,126,127,103,105,92.7,93.3,80.1,78,85.2,93.9,93.9,93,98,101,101,93.7,115,117,107,128,127,157,153,145,169
United Arab Emirates,4.07,4.13,4.26,4.41,4.51,4.64,4.79,4.99,5.29,5.68,6.02,5.84,6.68,7.81,7.61,7.03,8.42,11,12.3,14.1,15.4,19.1,22.1,21.1,21.3,20.6,19.9,24.7,29,30.5,37.9,47.6,51.2,55.2,65.9,72.7,89.9,94.4,144,174,105,103,92.1,102,105,92.5,92.5,103,101,110,64.3,64.6,66.7,83,98.6,102
United Kingdom,71.6,74.4,74.1,74.9,76.5,76.8,78.8,78.4,78.1,82.7,83.4,84.8,87.4,90.9,86.7,85.2,92,95,97.2,101,99.8,104,104,110,106,107,106,104,105,107,110,111,107,107,109,107,107,107,107,104,94.6,101,99.1,99.7,99.9,100,98.1,103,99.7,102,106,99.7,102,110,110,104
United States,45.5,45.8,48.1,48.9,49.9,50.9,53.7,54.1,54.3,53.5,58.1,57.3,58.8,60,64.1,66,68.4,67.8,71.5,69.2,75.4,75.2,64.4,73.7,77.9,73.7,73.2,69,75.9,77.9,77.2,84.2,77,89.2,83.9,87.8,91.2,92.1,93.7,96,93.7,94.1,95.7,101,99.3,100,105,108,110,110,109,108,114,117,117,122
Uruguay,44.4,44.8,46.3,54.5,48.6,45.2,41.4,51,53.2,59.1,49.2,47.8,48.1,53.4,53.8,59.9,51.5,49.4,47,52.3,61.4,62.2,65.4,52.7,55.8,55.7,53,59.6,65.4,59.8,59.3,64,62.6,69.8,70.9,79,84.3,84.1,87.3,82.8,70,73.9,78,92,102,106,101,107,109,119,121,122,127,127,127,117
Uzbekistan,,,,,,,,,,,,,,,,,,,,,,,,,,,,,,,,73.8,73.3,75.6,75.6,70.1,71.6,73.6,77.1,81.3,81.5,85.4,89.8,94,97.9,108,109,114,120,127,135,141,151,147,160,157
Vanuatu,60.6,60.7,67.2,69.9,60.3,67.8,77.2,70,73.6,69.9,75.6,58.8,65.5,81.2,80.1,85.7,92.7,97.8,96.9,85.5,101,90.4,98.2,109,101,105,106,98,87.7,113,98.5,95.9,97.2,99,102,104,120,124,105,100,101,91.9,96.4,98.5,100,101,104,106,104,129,125,127,134,123,123,124
Venezuela,25,25.6,27.1,29.2,31.2,32.9,34.4,35.7,38.3,40.1,40.9,41.3,42.5,44.3,46.9,45.7,48.7,50.9,52.9,55.3,56.7,57.8,59.8,58.5,63.2,65.3,65.3,70.8,69,73.3,74.4,76.7,79,78.8,78.1,82,87.9,87.1,91.6,96.5,99.9,99.3,94.3,90.4,102,107,115,106,108,110,122,115,117,118,117,108
Vietnam,20.9,22.2,22.2,22.5,22.4,21.3,22.4,21.3,21.8,23.7,24.3,24.9,25.4,25.3,24,27.2,26.6,26.6,29.7,31.3,33.3,36.8,38,40.3,40.8,42.4,42.5,44.9,48.3,49.2,49.8,53.8,56.3,58.7,61.8,65.1,68,71.1,75.7,76.9,81.6,88.2,91.9,96.3,100,103,107,113,116,119,123,132,133,136,139,136
Yemen,28.4,28.8,29.7,30.2,30.7,29.7,29.8,28.4,27.4,25.6,31.3,30.2,32.7,33.3,39.3,38.3,39,38.7,42.3,44,43.7,44.2,40.2,43.5,45.2,52.3,51.7,57.6,60.3,56.7,53.3,61.1,64.8,63.8,65.2,64.8,69.4,75.1,75.7,82.9,89.6,89.5,93.3,96.5,98,106,116,121,126,136,134,141,139,137,134,142
Zambia,28.1,27.9,27.6,29.2,30.5,33.6,34.4,35.1,35.8,35,40.2,46.6,42.1,44.8,52.9,60,57.4,53.4,46.7,48.9,49.6,47.8,50.1,49.6,55.1,57.4,57.5,71.2,72,67.8,79.1,69,88.2,78.1,72.6,83.5,77.4,75.1,84.3,85.6,85.7,87.2,96.6,97,98.1,105,105,111,142,165,174,176,179,187,180,180
Zimbabwe,39.6,42.6,40.7,39.6,39.9,47,51.8,44.4,56.4,53.8,68.5,78.5,63.9,77.3,71.4,77.8,79.3,78.6,66.9,67,82,74.3,61.6,67.6,91.3,87.5,73.4,94.7,87.4,88.8,83.6,57,77.9,85.8,66.9,84.1,84.5,82.4,90.2,94.5,99.9,77.8,88.5,109,89.3,101,99.2,84.2,84,91.9,88.4,94.1,92,91.2,83.4,88.8
